UserID,Timestamp,Amount,Description
26b7fcd0-6b6b-421e-990e-cd3ca8ab9d0a,2025-07-02,837.46,"Try to validate the GB card, maybe it will construct the redundant panel!"
f23469f6-d35a-497b-ae42-a60464c6d8a7,2025-07-16,424.99,"Try to verify the RSS protocol, maybe it will hack the primary program!"
3a9ee6d6-d2b0-4805-aba5-458ed927b89a,2025-09-04,399.78,"I'll quantify the 1080p EXE transmitter, that should quantify the TCP hard drive!"
106852e7-b7d8-4a67-b57d-03a8197b3762,2025-10-16,296.12,"I'll reboot the mobile RSS circuit, that should bundle the AI protocol!"
0236cf51-5f7c-4f10-81d7-366b298e141c,2025-11-25,717.44,"Try to transpile the COM bandwidth, maybe it will parse the cross-platform application!"
87871311-5c7b-48f5-86a5-e7ec57f6e16a,2025-08-08,669.07,We need to render the wireless IB driver!
49890785-75e9-4f8d-90aa-affe52706dc5,2025-10-30,142.89,"The SAS array is down, bundle the digital microchip so we can navigate the SMTP monitor!"
1a01e2fb-9b1c-4ea8-b153-8dd82ed09bad,2025-11-29,84.92,"I'll input the haptic GB pixel, that should sign the GB protocol!"
2ea9f1b3-0957-4abf-b3d0-9487c84a20d5,2025-09-13,777.81,We need to decrypt the auxiliary IB feed!
389b8628-d250-4b39-8ffb-ae32ce9c2eb6,2025-07-31,671.50,"Try to verify the IB feed, maybe it will reboot the primary system!"
77a06421-5c0b-4b1b-a1a9-ebd23271b864,2025-07-23,445.21,You can't quantify the driver without hacking the back-end PCI program!
ff45f53f-9268-4918-b2c2-a65f9f377f76,2025-09-26,377.23,"The HTTP driver is down, navigate the wireless program so we can back up the XML alarm!"
0cacf378-ffd6-426d-bdef-953812302ac9,2025-10-16,584.38,"Bypassing the pixel won't do anything, we need to sign the bluetooth IB microchip!"
485b30a3-d28a-4985-81b8-d58ced756390,2025-11-05,982.93,"I'll transmit the redundant HDD program, that should format the SQL hard drive!"
144046d5-14ae-4de2-8014-7dee4a553b0b,2025-09-02,161.44,"Indexing the panel won't do anything, we need to verify the back-end PCI alarm!"
06ef8f94-4b9c-4843-9b94-0acedee9f143,2025-10-01,269.38,"If we override the system, we can get to the JSON driver through the redundant PCI bandwidth!"
5ce2ae4a-8cf7-465f-aaea-3142d6f5c212,2025-08-27,603.38,"Use the optical AGP microchip, then you can navigate the wireless driver!"
c2aa5dbf-05e8-4a3e-aa6f-0ec855634375,2025-08-03,688.56,"Try to verify the USB feed, maybe it will write the auxiliary interface!"
4481a64d-3605-45b2-abe4-c2f79ced6d77,2025-07-31,414.99,"Use the haptic SQL microchip, then you can compress the bluetooth sensor!"
848df36d-18a9-4833-8c8e-5ce08c108360,2025-10-26,859.17,"Use the auxiliary JBOD microchip, then you can bypass the 1080p matrix!"
7cee1563-6fb9-44e3-935e-050aa07168df,2025-09-26,895.06,You can't buffer the hard drive without quantifying the auxiliary COM driver!
d5206fa3-d888-4efa-ab90-378d06c44169,2025-07-07,844.48,"Use the back-end JBOD driver, then you can sign the back-end interface!"
2183a710-8007-4fc3-9e03-b8623994c14f,2025-06-19,978.69,"Synthesizing the microchip won't do anything, we need to input the mobile ADP port!"
a3f8f193-aaf0-4905-9c49-b650d87a1f34,2025-12-10,338.59,"Overriding the matrix won't do anything, we need to render the solid state FTP panel!"
78bd8f93-d3c1-4128-b199-d493532bdaa5,2025-07-25,10.76,"If we input the feed, we can get to the TCP panel through the auxiliary SMTP bus!"
87ef3220-9d04-429f-bdff-16f530f5a13e,2025-10-30,622.74,"Try to index the CSS pixel, maybe it will input the neural interface!"
9bf7503a-3fde-4fd5-8239-7cd3491779fa,2025-07-14,198.06,"I'll quantify the neural AI pixel, that should decrypt the IB array!"
787eaf81-29fa-491d-acfa-c9054fd087ae,2025-08-10,640.51,We need to input the mobile AGP protocol!
4fdc2a81-aeed-4e9e-8705-878c8f5ac1bc,2025-07-28,141.94,"I'll encrypt the mobile THX program, that should back up the RAM monitor!"
9137c362-a458-4e6a-9fa9-601f29b22b76,2025-10-26,122.29,"Generating the application won't do anything, we need to sign the 1080p XSS matrix!"
a397acb4-227b-4779-9319-0673adfd5a75,2025-11-10,861.32,"The AI matrix is down, index the haptic card so we can read the JBOD pixel!"
a63040f9-88e1-4f7b-8bd0-4b231fe2646c,2025-09-11,125.86,"Try to copy the SMTP card, maybe it will generate the auxiliary program!"
c9da965a-7920-4d8f-bb73-31ab603f8615,2025-12-11,548.07,We need to load the digital SQL panel!
98f15923-e381-4cc6-8a0f-6b0a649a1813,2025-09-09,39.12,You can't copy the sensor without connecting the online RSS transmitter!
b65138f8-9cee-4bd0-b13f-48bca37d6fcd,2025-09-03,950.99,We need to validate the online TCP program!
d0c92aaf-53c5-46c6-ba05-c182b6307a0e,2025-06-30,999.55,"Try to format the JBOD firewall, maybe it will parse the mobile alarm!"
a73395ae-e94d-4255-b9e9-e4486e38f974,2025-10-01,913.65,"Hacking the sensor won't do anything, we need to synthesize the bluetooth JBOD interface!"
b32f1007-fd5e-4324-ab26-3206995f95cc,2025-12-10,294.92,"I'll transmit the mobile USB panel, that should load the SMTP panel!"
4a78d466-954c-49e8-a0bc-096dcc343c30,2025-11-13,333.04,"The JSON system is down, back up the back-end firewall so we can hack the SSL array!"
66112d52-e592-4c98-831e-da05a71a8e7b,2025-07-30,390.53,"If we input the bandwidth, we can get to the JSON system through the haptic RAM interface!"
cf221db8-ff00-4847-bddf-a36d1ba93ad0,2025-09-20,287.70,"The XML capacitor is down, reboot the open-source card so we can write the AI panel!"
0975ecb1-ce9f-46ba-8901-00a7d7b4da45,2025-07-24,589.56,You can't write the matrix without quantifying the redundant SAS interface!
4fdbd0a5-aa13-4e97-9063-9ff012e0a0bd,2025-12-10,363.28,"Use the wireless EXE alarm, then you can parse the wireless application!"
769a4921-27d0-4ca2-aa93-e0e1567fb4d3,2025-10-01,152.88,"Try to read the USB driver, maybe it will calculate the back-end microchip!"
c6b6a5be-079e-4c23-8f75-ffba63c87214,2025-11-03,4.74,"The PCI bus is down, generate the online card so we can verify the COM program!"
66425e6c-f7e5-4bc2-a5a2-7603653ea621,2025-09-02,780.73,"I'll bundle the cross-platform PNG matrix, that should bundle the HTTP sensor!"
c449884f-1dec-4971-a50a-43698b84070f,2025-09-05,380.39,"Use the back-end SAS alarm, then you can encrypt the open-source hard drive!"
e8754d39-af33-488f-b533-904c9a4952be,2025-07-28,695.05,"Use the cross-platform AGP application, then you can unlock the virtual panel!"
1ccd220b-4a59-48a5-b27e-c3ac5d7506bc,2025-10-26,561.75,"Try to program the SMTP array, maybe it will encrypt the haptic bus!"
50c60ca9-91d5-4b41-8b7f-c76990be04cd,2025-10-06,224.25,"Try to load the JSON capacitor, maybe it will parse the 1080p protocol!"
924bed4b-50fd-4a60-bbcb-6233ec144b1f,2025-10-29,272.20,You can't lock the system without compressing the redundant SCSI protocol!
d069d342-a55c-4698-81ac-fb5db9102c14,2025-10-30,977.82,"Compressing the system won't do anything, we need to copy the back-end SMTP bandwidth!"
8ddbdbde-0cde-4e5c-9ebd-ac1fed327962,2025-11-10,687.90,"Try to transpile the SCSI interface, maybe it will read the auxiliary program!"
7468a2c5-6abd-4a75-8fc9-8dbf3be11c83,2025-09-07,609.77,You can't deconstruct the port without navigating the mobile SMS firewall!
2ea31b1c-c32a-4a78-ada5-564c7b2b6381,2025-07-19,884.45,"I'll encrypt the redundant JSON card, that should encrypt the COM firewall!"
a57f04a3-3819-4695-a5a7-7d6f32b25668,2025-10-04,3.91,"Try to navigate the FTP driver, maybe it will transmit the neural array!"
4b7490eb-8f96-48f5-898c-41dbedc6d729,2025-07-06,837.93,"Use the online FTP protocol, then you can copy the online capacitor!"
a0e47a38-29a3-434c-9190-5b2db0be5c0c,2025-07-07,26.12,"Hacking the panel won't do anything, we need to compress the wireless RAM firewall!"
167b69b4-6d68-4c56-9058-9477ca249fbe,2025-06-18,230.13,"The SMTP capacitor is down, compile the digital protocol so we can override the ADP bus!"
a223d3e9-7125-4caf-bc4d-da6a8a15bd9d,2025-10-15,37.16,You can't copy the circuit without parsing the back-end HDD panel!
4533b160-be65-4342-9967-450fa276b9b1,2025-07-14,174.01,"I'll input the redundant USB card, that should generate the RAM circuit!"
7326e55d-230a-48f2-b097-a94cba1d9fd1,2025-07-08,754.94,"I'll sign the 1080p HDD feed, that should load the XML card!"
b275649a-8a5c-45fb-845b-bef366dbb50a,2025-06-16,952.78,"If we buffer the card, we can get to the JSON bus through the solid state JSON feed!"
0bf9627f-d9e3-4707-8b6d-1a61e7cd0e6c,2025-06-21,322.63,"Use the auxiliary IB sensor, then you can navigate the redundant driver!"
a9d5b575-8c63-4507-b647-ff9982031b1f,2025-09-19,238.52,"Use the cross-platform GB program, then you can buffer the solid state bus!"
645fa1c5-fac6-47fc-9cdb-630b61dc5436,2025-09-09,885.53,"I'll write the optical SDD firewall, that should load the SCSI feed!"
7e2b1af9-e254-4384-936a-727b42bf126a,2025-08-09,130.07,We need to unlock the online HDD array!
6759343a-b4a1-4d33-9a7d-5020d4d45e83,2025-07-30,560.12,"Backing up the capacitor won't do anything, we need to index the neural HDD circuit!"
5a92103f-680f-4d1f-8048-a5d9e9dbec84,2025-09-18,153.95,You can't connect the sensor without parsing the open-source PNG application!
bf1ee18b-3cae-4cb8-bc8a-a0a9bda5188b,2025-12-04,724.28,"Use the digital SDD bandwidth, then you can hack the mobile sensor!"
afd83cac-a7c1-4d90-a1f2-66452d833859,2025-10-03,260.73,"If we transpile the bus, we can get to the SDD system through the virtual SMS array!"
5587c6f9-cb4f-40b6-b122-b883a4c9a5f1,2025-08-05,852.96,You can't quantify the application without navigating the redundant TCP hard drive!
aa934396-3f2c-4e9c-beae-7fcca0815fdb,2025-09-24,666.43,You can't format the panel without generating the cross-platform COM circuit!
53129433-db4b-4c45-913b-47d8e380cdff,2025-09-07,61.67,"Try to unlock the USB bandwidth, maybe it will transmit the auxiliary application!"
1edbdb2d-d0a3-4db3-ab08-3f8a538672a1,2025-07-05,263.34,We need to verify the online SSL panel!
6a98a7a7-a4c1-41f0-bc3f-9450d9f19121,2025-12-04,109.99,You can't render the hard drive without backing up the open-source TCP circuit!
3ff7f851-558a-4917-bfd1-a224ec5adf37,2025-07-31,975.62,You can't reboot the application without transmitting the bluetooth JSON port!
a1ff3f06-6710-43bb-965a-f5a7192731bc,2025-08-08,388.26,"The FTP firewall is down, read the cross-platform bandwidth so we can format the COM matrix!"
6c27555c-8262-48c1-8232-82b5515c2df5,2025-09-18,862.27,"If we connect the program, we can get to the HDD system through the redundant SSL protocol!"
36f10fb9-57c6-433d-8480-1496d4709e58,2025-10-31,705.38,"Use the open-source CSS microchip, then you can back up the solid state bandwidth!"
1ed9940e-be09-45bf-ab9b-4ef8c44771bb,2025-10-04,221.28,We need to render the primary USB array!
fb0d333d-bb04-4f8a-9423-12e56bcf01c8,2025-10-22,343.98,"I'll parse the redundant HTTP feed, that should load the EXE port!"
86d986ec-f98f-4178-a0d4-fb2c0bfe28cf,2025-10-14,473.33,"If we transpile the application, we can get to the GB monitor through the cross-platform PNG bandwidth!"
82e2af86-ad3a-4a7c-a7f3-ea6720c9dd51,2025-08-28,264.65,"Use the redundant THX microchip, then you can hack the wireless hard drive!"
abc623ef-b23f-45d6-bd3c-a983b6590d05,2025-09-30,504.90,We need to hack the neural XSS matrix!
de816206-29f7-4771-9747-96c576bcd2dd,2025-07-10,763.39,"Copying the driver won't do anything, we need to synthesize the auxiliary TCP application!"
fc77863a-5321-4c89-96f7-e9f7ef5b2b31,2025-10-30,493.94,"I'll verify the redundant PNG capacitor, that should deconstruct the XML monitor!"
d515e53e-baba-4360-a85c-dabe52a4429b,2025-12-07,375.87,"If we copy the interface, we can get to the JSON bandwidth through the optical SCSI capacitor!"
cb02842d-ad65-4bbd-bda1-b60ce0d70c55,2025-11-19,505.06,"Use the optical SMS panel, then you can hack the 1080p hard drive!"
5f93cf34-b252-4b4e-83d2-9f40bbfdb489,2025-11-20,872.76,"I'll back up the primary JBOD alarm, that should load the SDD feed!"
0685254f-b2de-49e9-bd3e-4aa04168f827,2025-08-08,646.60,You can't transmit the driver without backing up the back-end SMTP firewall!
28aec715-b5ff-4adc-8c6a-0b24366805a0,2025-07-07,693.17,You can't bundle the matrix without connecting the online COM matrix!
d8be67d4-7230-4516-b180-409252af16cb,2025-08-15,345.01,"The JSON program is down, unlock the optical alarm so we can reboot the SDD application!"
d0514042-b683-4819-b256-d51b091cafa1,2025-10-12,147.65,"I'll copy the digital SSL sensor, that should navigate the AI bandwidth!"
8d6940ab-b0bf-4d77-99cc-ff6b347cce4f,2025-12-06,496.72,We need to compile the redundant USB monitor!
94043d94-ad2c-43b3-8dc7-f6bd86c4a86d,2025-06-16,838.34,"Quantifying the card won't do anything, we need to encrypt the solid state COM protocol!"
3092309b-c773-41de-a59c-586c84a2c612,2025-11-21,936.42,"Connecting the alarm won't do anything, we need to bypass the mobile ADP bandwidth!"
bb531ef0-4fee-4f2d-91c7-2175606f200d,2025-07-19,860.69,"Backing up the hard drive won't do anything, we need to unlock the optical GB capacitor!"
565d7fc3-12b8-4a03-bc3f-9543e7259d38,2025-08-13,195.51,"Try to encrypt the RSS firewall, maybe it will back up the 1080p feed!"
1e333456-8747-4aad-af77-cfaec6698109,2025-10-23,421.75,We need to parse the solid state PNG array!
